{"type": "metrics", "dataset": "train", "precision": 0.720180528691167, "balanced_accuracy": 0.6048160751362239, "recall": 0.2363020943515972, "f1_score": 0.35584581076776045}
{"type": "metrics", "dataset": "test", "precision": 0.7369942196531792, "balanced_accuracy": 0.6207446206130156, "recall": 0.26715557883708746, "f1_score": 0.39215686274509803}
{"type": "cm_matrix", "dataset": "train", "true_0": {"predicted_0": 15839, "predicted_1": 434}, "true_1": {"predicted_0": 3610, "predicted_1": 1117}}
{"type": "cm_matrix", "dataset": "test", "true_0": {"predicted_0": 6909, "predicted_1": 182}, "true_1": {"predicted_0": 1399, "predicted_1": 510}}
